원소명, ,Al,Si,S,K,Ca,Ba,Ti,Cr,Mn,Fe,Ni,Cu,W,Zn,Au,Hg,Bi,Se,As,Br,Pb,Sr,Mo,Ag,Cd,Sn,Sb,Ba_start,Ba_middle,Ba_end
원소명, ,Al,Si,S,K,Ca,Ba,Ti,Cr,Mn,Fe,Ni,Cu,W,Zn,Au,Hg,Bi,Se,As,Br,Pb,Sr,Mo,Ag,Cd,Sn,Sb,Ba_start,Ba_middle,Ba_end
 ,PAINTING_FAMILY_001-XRF.csv,292,588,43837,4102,22632,1801,1872,5977,3219,11109,104,156,165,14219,656,813,1250,2804,657,987,159338,536,139,402,4089,659,361,202,254,147
 ,PAINTING_FAMILY_002-XRF.csv,300,561,43835,1930,16724,1840,1731,3510,2967,8491,137,161,194,20269,791,844,1194,5899,676,935,156841,454,160,357,7294,621,385,186,209,119
 ,PAINTING_FAMILY_003-XRF.csv,277,666,47501,1894,17799,1807,1726,3736,3157,10196,147,177,464,63556,1868,2201,1019,1797,1196,1932,128930,511,157,429,3743,527,432,224,195,164
 ,PAINTING_FAMILY_004-XRF.csv,280,592,46969,1689,5543,1833,1831,3761,3098,7748,124,171,195,14837,666,990,1315,4386,825,1221,162846,443,140,322,4284,621,325,190,192,147
 ,PAINTING_FAMILY_005-XRF.csv,247,517,40064,1829,9860,1776,1822,3560,3016,6325,154,171,230,22527,853,2680,1221,2423,1589,2482,157688,509,136,333,2477,609,330,188,242,150
 ,PAINTING_FAMILY_006-XRF.csv,325,610,35644,4190,67671,1882,1857,8096,4027,9445,133,146,211,16759,740,1978,1357,1792,1398,2129,176108,502,130,333,3041,626,374,162,169,113
 ,PAINTING_FAMILY_007-XRF.csv,232,477,28977,1964,13677,1960,1904,6311,3771,7399,112,125,137,5427,447,931,1427,2074,725,1126,189555,440,109,305,3603,667,269,159,172,142
 ,PAINTING_FAMILY_008-XRF.csv,336,834,37051,4467,31093,2324,2328,7008,5337,36622,140,193,377,50735,1420,1213,898,3233,800,1086,111463,585,230,552,7254,634,535,209,216,171
 ,PAINTING_FAMILY_009-XRF.csv,288,506,41406,1485,19069,1746,1768,3705,3156,5374,117,128,179,7835,472,864,1487,1718,615,938,181038,392,113,339,1962,615,301,148,166,132
 ,PAINTING_FAMILY_010-XRF.csv,431,749,55426,23013,25196,3026,2892,5327,5957,23142,124,151,186,18623,628,859,1128,2089,881,1107,148756,1403,142,401,10709,553,426,205,217,131
 ,PAINTING_FAMILY_011-XRF.csv,452,1380,37695,8501,34041,2389,2271,9597,8407,54952,132,159,385,52038,1576,1565,660,3129,1142,1399,74492,567,286,690,9493,651,647,297,323,202
 ,PAINTING_FAMILY_012-XRF.csv,318,1078,47632,2982,24525,2162,2159,3743,4387,30521,112,160,299,35845,1189,982,1085,2663,753,1123,135609,652,170,382,6639,594,498,185,244,146
 ,PAINTING_FAMILY_013-XRF.csv,382,965,45432,5063,18016,2262,2193,4002,4235,37877,133,213,471,78709,2087,3388,796,12048,1829,2808,97849,605,195,490,9812,507,627,225,257,133
 ,PAINTING_FAMILY_014-XRF.csv,336,879,47881,2254,16767,1897,1822,6561,4635,18659,123,146,163,14250,600,759,1267,2665,714,900,160183,466,134,353,4567,665,384,199,206,144
 ,PAINTING_FAMILY_015-XRF.csv,323,688,54180,1447,9530,1723,1774,5492,3376,6913,110,145,163,7671,480,693,1460,2112,605,846,187653,414,113,262,2553,596,254,159,162,111
 ,PAINTING_FAMILY_016-XRF.csv,333,758,50680,1675,17439,1828,1735,7162,3763,8186,105,145,128,5148,407,653,1422,9217,606,849,188404,425,125,265,7511,581,346,142,143,110
 ,PAINTING_FAMILY_017-XRF.csv,373,871,50658,4290,19884,2026,1873,3946,4465,24292,141,130,301,37719,1285,1622,1054,4010,1174,1777,134192,656,147,375,8993,577,641,194,209,151
 ,PAINTING_FAMILY_018-XRF.csv,306,1005,45912,5082,20886,2318,2418,6298,4449,31783,119,147,327,42946,1343,1653,946,3291,1084,1547,126743,627,172,436,9790,529,553,200,230,179
 ,PAINTING_FAMILY_019-XRF.csv,360,931,45650,4255,26179,2073,2085,5938,4185,28077,98,151,261,32718,1062,1497,963,3293,994,1493,121328,593,195,536,9785,630,566,207,217,168
 ,PAINTING_FAMILY_020-XRF.csv,449,2372,35854,8207,18355,2621,2569,6556,14602,68352,132,189,142,15896,622,2804,1110,3443,1602,2379,137440,682,151,371,6243,557,415,182,190,117
 ,PAINTING_FAMILY_021-XRF.csv,375,1120,35829,9595,32808,2626,2541,11022,10657,56562,111,180,581,75750,2056,3862,447,2243,1922,2859,51090,700,379,731,7421,651,674,266,316,200
 ,PAINTING_FAMILY_022-XRF.csv,342,757,27528,2938,135707,2360,2294,2839,3796,23718,113,398,271,36680,1212,901,1039,3041,844,1109,134028,620,173,429,8044,668,521,206,261,162
 ,PAINTING_FAMILY_023-XRF.csv,344,982,46475,3419,37743,2004,1938,3357,4087,21531,151,609,237,26776,1042,576,1206,3360,754,703,153569,555,122,309,9117,506,452,152,147,101
 ,PAINTING_FAMILY_024-XRF.csv,328,956,41298,3703,37097,2222,2266,5982,5792,35112,121,587,394,58246,1723,1332,890,3471,973,1201,119907,524,180,429,6844,532,450,204,185,152
 ,PAINTING_FAMILY_025-XRF.csv,352,890,40385,5791,20688,2265,2209,18677,5722,26195,136,151,354,46584,1406,1896,840,2760,1147,1583,109655,566,197,534,7623,545,478,213,259,151
 ,PAINTING_FAMILY_026-XRF.csv,361,912,45091,5158,22240,1982,2048,13237,5334,26926,114,147,401,50586,1422,1908,959,2013,986,1455,119169,679,225,489,5280,577,516,234,212,169
 ,PAINTING_FAMILY_027-XRF.csv,339,895,47882,4289,21316,1984,2000,5388,4853,22805,135,139,294,39319,1238,2810,1014,2069,1625,2468,132480,635,153,389,6350,584,503,213,217,167
 ,PAINTING_FAMILY_028-XRF.csv,332,914,46957,3888,19561,1887,1831,3985,3876,20790,137,174,332,51057,1571,848,1003,2775,719,906,130622,493,120,356,9766,495,453,187,190,150
 ,PAINTING_FAMILY_029-XRF.csv,331,851,41479,3872,10406,2191,2166,9072,5019,27797,130,190,512,71540,1854,2148,941,2857,1350,1972,121763,496,151,402,6906,568,570,200,182,124
 ,PAINTING_FAMILY_030-XRF.csv,411,1843,28695,8079,12755,3108,3142,12825,16868,75281,133,182,210,23429,851,2477,923,2631,1408,2075,119850,565,194,473,6955,631,474,239,212,163
 ,PAINTING_FAMILY_031-XRF.csv,438,1252,38877,9440,12907,2583,2515,6578,9001,53321,124,194,363,50986,1436,2339,552,2399,1245,1768,61220,622,416,765,8846,710,642,291,251,172
 ,PAINTING_FAMILY_032-XRF.csv,434,1921,18612,4005,147669,3215,3152,5595,15659,94422,152,1660,509,74546,1962,2893,383,1723,2265,2556,40854,974,381,727,4628,717,599,272,253,185
 ,PAINTING_FAMILY_033-XRF.csv,445,1905,19971,3920,147082,3136,3095,5022,14930,91715,116,1704,343,51548,1493,3899,674,1918,2880,3423,89727,923,213,413,3854,553,390,209,248,153
 ,PAINTING_FAMILY_034-XRF.csv,422,1637,17225,4907,118521,3602,3607,6808,9735,103249,127,1291,292,44634,1247,4141,735,2868,2306,2956,99117,863,225,475,4914,573,428,229,196,146
 ,PAINTING_FAMILY_035-XRF.csv,338,949,52031,6248,15027,2111,2176,7306,4698,26622,127,169,342,44638,1404,2253,946,2600,1281,1849,123460,678,178,485,7834,565,497,214,234,148
 ,PAINTING_FAMILY_036-XRF.csv,361,899,51865,4825,10970,1898,1925,7296,4327,21555,120,156,270,28741,1002,1930,1080,3077,1279,1881,135853,668,184,474,10916,570,535,228,207,144
 ,PAINTING_FAMILY_037-XRF.csv,523,3355,18623,6502,41332,3030,3155,12779,31095,144525,153,241,406,64178,1666,1714,628,5853,1053,1404,82697,651,228,536,5028,566,485,235,253,180
 ,PAINTING_FAMILY_038-XRF.csv,582,3585,15190,6558,38445,3027,3121,7825,39311,166244,131,259,229,34363,1058,1555,704,1666,1016,1596,95026,702,199,389,5470,505,415,179,183,154
 ,PAINTING_FAMILY_039-XRF.csv,565,3276,17402,6520,43006,3054,3173,14530,34479,153067,161,228,198,27164,734,1823,878,2826,1126,1654,124156,589,176,319,3067,460,267,170,145,132
 ,PAINTING_FAMILY_040-XRF.csv,432,1725,40119,9467,17812,2530,2645,13676,14216,63408,111,153,243,27874,923,1430,782,2530,920,1211,106180,674,262,605,7972,579,480,240,264,199
 ,PAINTING_FAMILY_041-XRF.csv,472,1734,39690,12798,17525,2430,2474,8996,12076,57187,113,189,409,49298,1438,1186,603,2116,762,975,70321,671,374,709,9640,646,596,279,268,176
 ,PAINTING_FAMILY_042-XRF.csv,389,1077,38374,7726,50651,2263,2314,6641,8016,45072,141,170,404,59960,1751,2698,587,1704,1482,2121,68620,758,377,782,6772,714,634,278,281,187
 ,PAINTING_FAMILY_043-XRF.csv,414,1499,36703,10907,40648,2460,2444,7045,10044,51756,113,150,334,43345,1329,5319,654,3312,2816,4316,72713,882,299,705,10103,642,634,270,311,160
 ,PAINTING_FAMILY_044-XRF.csv,421,2165,27760,7015,24985,3116,3111,16385,19586,101101,128,196,402,56344,1616,3363,499,6513,1786,2489,53200,788,404,767,5539,647,669,296,299,197
 ,PAINTING_FAMILY_045-XRF.csv,363,996,42832,4092,34469,2918,3109,12046,4541,18074,125,127,265,33383,1097,1353,1039,1962,895,1347,128252,627,220,511,4440,637,507,232,234,160
 ,PAINTING_FAMILY_046-XRF.csv,318,888,45408,5132,5871,1968,1903,17362,4795,24130,122,135,346,45859,1335,2170,872,6136,1244,1772,103547,518,238,596,6963,626,542,249,251,197
 ,PAINTING_FAMILY_047-XRF.csv,383,965,35106,8174,19669,2168,2264,10791,9758,67176,122,188,438,58862,1704,3214,535,3925,1649,2486,58244,667,398,713,6582,665,608,252,264,173
 ,PAINTING_FAMILY_048-XRF.csv,411,1422,37897,8778,19755,2230,2229,12137,12561,60835,111,171,379,49470,1462,2559,523,2002,1333,2115,61753,780,343,720,8510,677,611,252,236,186
 ,PAINTING_FAMILY_049-XRF.csv,459,1406,43948,14916,28432,2180,2186,11504,11285,51632,101,187,388,46363,1293,2498,553,1949,1252,1973,62024,1220,345,720,10772,665,660,264,268,174
 ,PAINTING_FAMILY_050-XRF.csv,444,1190,37046,8881,31440,2732,2792,24603,11073,54192,138,212,381,50347,1384,2034,497,3315,1123,1620,54309,749,406,893,18210,693,791,278,260,215
 ,PAINTING_FAMILY_051-XRF.csv,830,6990,39937,12192,15299,3757,3540,6827,10891,68657,109,218,792,97697,2488,4675,656,2953,2488,3308,67155,957,656,902,9980,765,820,464,382,246
 ,PAINTING_FAMILY_052-XRF.csv,457,1871,37809,12856,10465,2973,3055,15712,13888,59556,123,175,647,99387,2704,4368,516,2673,2023,3141,61748,588,312,642,7544,602,526,248,235,194
 ,PAINTING_FAMILY_053-XRF.csv,440,1152,35249,9149,10893,2389,2254,11847,12098,70279,119,161,312,39002,1192,2109,733,3160,1453,1943,98014,470,189,425,8242,512,443,194,200,137
 ,PAINTING_FAMILY_054-XRF.csv,492,1488,52918,20728,12166,2163,2135,7095,11626,48891,117,171,287,40540,1244,1401,670,1760,973,1211,85119,1293,314,590,11922,626,571,251,210,151
 ,PAINTING_FAMILY_055-XRF.csv,514,1619,54594,20820,13104,2037,2095,7333,12576,52909,112,175,313,40007,1206,2525,612,1638,1492,2069,75392,1971,310,686,15859,630,672,276,253,191
 ,PAINTING_FAMILY_056-XRF.csv,498,1819,48372,15766,12829,2892,2891,12171,14367,63705,109,150,382,52623,1407,1588,457,1778,881,1170,52939,1104,434,792,10064,720,649,258,277,196
 ,PAINTING_FAMILY_057-XRF.csv,394,764,53345,8309,12942,2050,1990,9531,5320,35995,119,150,388,49274,1474,1342,886,1716,1019,1331,101528,726,226,604,5864,683,579,278,317,197
 ,PAINTING_FAMILY_058-XRF.csv,439,1339,48686,9737,13413,2296,2336,9560,11955,53860,131,144,245,28776,941,1894,831,2868,1469,1866,97539,738,274,567,9212,663,583,210,284,150
 ,PAINTING_FAMILY_059-XRF.csv,367,1162,48417,7874,12327,2198,2150,6038,8950,36384,122,127,222,24141,825,1556,1070,3909,1164,1513,143450,611,147,348,7751,611,365,162,199,153
 ,PAINTING_FAMILY_060-XRF.csv,387,723,55793,11698,16438,3418,3219,6525,4636,23816,107,155,420,54988,1492,1421,769,2349,891,1206,88198,1074,268,542,10018,603,566,248,239,188
 ,PAINTING_FAMILY_061-XRF.csv,520,713,70621,33555,9206,1717,1756,5158,2839,4592,109,124,196,20691,624,660,1089,1509,573,845,152233,2772,139,354,20170,493,488,147,153,113
 ,PAINTING_FAMILY_062-XRF.csv,427,716,60017,20826,12091,2647,2577,5832,6000,26222,117,122,195,16681,577,873,1175,2153,892,1077,149748,1346,157,385,9775,551,405,198,207,136
 ,PAINTING_FAMILY_063-XRF.csv,472,1844,47430,14931,13562,2518,2500,10089,15678,74840,119,202,369,52672,1419,2332,489,1317,1307,1782,54135,1084,444,784,8652,686,682,269,348,168
 ,PAINTING_FAMILY_064-XRF.csv,505,1919,45598,14136,13013,2573,2485,14094,13722,66950,105,174,470,59718,1680,2304,480,1731,1159,1662,56167,895,448,814,7500,673,594,302,281,183
 ,PAINTING_FAMILY_065-XRF.csv,517,1955,45598,16786,15696,2499,2542,9795,16908,74620,133,206,313,44179,1229,1473,483,1931,895,1215,58265,1415,395,782,12270,650,646,250,293,177
 ,PAINTING_FAMILY_066-XRF.csv,326,939,46094,2000,3157,2010,1825,10746,4854,17598,122,149,139,11298,616,709,1232,1901,790,949,164209,441,146,356,3219,643,343,188,220,136
 ,PAINTING_FAMILY_067-XRF.csv,279,640,42252,2234,3091,1860,1948,7232,4043,10584,115,137,125,8061,487,775,1365,3517,707,943,175333,409,112,309,5394,575,310,168,150,119
 ,PAINTING_FAMILY_068-XRF.csv,333,739,40117,2260,3948,2200,2106,12502,4736,10475,157,131,243,20097,775,867,1332,2035,726,1091,169619,451,115,309,3125,666,357,185,182,148
 ,PAINTING_FAMILY_069-XRF.csv,343,1381,43692,2481,42032,2556,2521,4042,11896,65214,128,1484,241,28691,978,1336,905,4333,1465,1170,111948,651,211,488,5869,606,464,208,203,170
 ,PAINTING_FAMILY_070-XRF.csv,335,720,58431,1686,9004,1883,1894,3877,3239,6547,116,116,136,7196,424,693,1449,1878,645,926,187799,473,114,255,2574,649,262,171,181,136
 ,PAINTING_FAMILY_071-XRF.csv,322,743,59081,1545,5525,1797,1849,4489,3873,8282,129,152,164,11244,598,951,1371,2432,714,1111,177887,434,119,260,4186,621,304,173,197,116
 ,PAINTING_FAMILY_072-XRF.csv,346,731,57860,1379,8796,1927,1844,4534,3493,6475,106,105,152,8615,520,669,1374,4273,642,913,180687,434,115,248,5170,648,336,149,174,105
 ,PAINTING_FAMILY_073-XRF.csv,325,668,58235,1463,4100,1571,1607,3883,3161,6231,164,273,164,16269,1039,1339,1640,4374,957,1640,285683,683,109,246,3855,410,492,191,328,82
 ,PAINTING_FAMILY_074-XRF.csv,313,688,55570,1471,3927,1724,1757,4154,3184,5869,124,111,117,6233,438,709,1355,2882,644,950,185050,434,117,273,4272,573,293,167,156,109
 ,PAINTING_FAMILY_075-XRF.csv,314,699,56117,1490,4333,1813,1765,3868,3159,6513,121,119,146,6629,449,697,1395,4216,653,855,174715,469,117,323,4738,636,333,170,199,130
 ,PAINTING_FAMILY_076-XRF.csv,335,1052,41086,6686,6590,2331,2265,23445,5765,39945,103,161,605,83355,2044,2819,572,2824,1236,1904,67852,530,384,684,3563,584,567,267,257,182
 ,PAINTING_FAMILY_077-XRF.csv,359,1040,45515,5449,8943,2079,1993,16162,5443,28827,135,170,573,81078,2209,1997,708,1696,1102,1559,91586,579,281,535,3832,579,477,243,234,173
 ,PAINTING_FAMILY_078-COL-XRF.csv,270,1156,39557,7965,5003,2330,2221,19544,6972,35060,136,164,492,67210,2023,5468,1613,3691,2980,4183,196270,1503,164,464,10445,656,628,328,109,246
 ,PAINTING_FAMILY_078-XRF.csv,296,799,41713,5825,4623,2350,2265,16330,5381,25268,126,136,340,46937,1383,2204,906,2842,1195,1711,113004,574,230,535,8192,528,468,201,215,164
 ,PAINTING_FAMILY_080-XRF.csv,376,951,54606,4191,9382,2006,1956,8354,4808,20595,117,122,281,31031,1045,1301,939,2061,879,1245,122201,668,227,491,6820,632,480,232,235,173
 ,PAINTING_FAMILY_081-XRF.csv,391,1033,52705,7097,13184,2089,2152,8565,4854,25041,121,127,234,28116,1002,1678,1071,2701,1144,1574,133672,783,168,421,9533,551,519,169,185,133
 ,PAINTING_FAMILY_082-XRF.csv,433,1033,54995,5733,11952,2051,1922,10259,5148,23721,110,126,195,20322,742,1202,1217,2951,999,1355,157790,567,119,370,10303,587,470,191,187,109
 ,PAINTING_FAMILY_083-COL-XRF.csv,361,1083,47469,4678,17665,2546,2221,13330,6484,36252,109,273,683,120310,3499,2433,1093,4347,1640,1941,154900,902,191,847,6835,683,574,300,328,164
 ,PAINTING_FAMILY_083-XRF.csv,361,1083,47469,4678,17665,2546,2221,13330,6484,36252,109,273,683,120310,3499,2433,1093,4347,1640,1941,154900,902,191,847,6835,683,574,300,328,164
 ,PAINTING_FAMILY_084-XRF.csv,362,949,53977,4704,12816,2124,2141,11556,5125,28019,123,120,259,37724,1190,1129,1105,2942,852,1148,138511,558,150,398,5234,538,445,222,214,150
 ,PAINTING_FAMILY_085-XRF.csv,372,963,56201,4335,9896,2110,2051,6002,4956,20901,112,114,227,26908,929,1801,1066,3680,1113,1621,132755,589,224,628,5865,771,633,303,310,246
 ,PAINTING_FAMILY_086-XRF.csv,632,3197,25703,6141,22777,2890,3269,6484,22271,145768,27,191,328,72268,1941,11292,1093,4238,5249,6808,143169,738,382,574,6480,546,519,300,300,164
 ,PAINTING_FAMILY_087-XRF.csv,415,2438,26787,9392,24041,2420,2745,6900,14414,93620,82,164,574,120447,3499,7328,1121,8613,3308,5468,130592,1121,136,738,8120,437,656,246,300,109
 ,PAINTING_FAMILY_088-XRF.csv,487,3016,26552,6882,19471,3468,3341,18966,20230,90929,164,191,382,82659,2242,16816,1257,2898,6124,10226,161353,1968,382,410,6671,574,601,273,246,382
 ,PAINTING_FAMILY_089-XRF.csv,252,2312,32043,6213,12210,3450,3468,14522,9934,57259,109,246,902,102510,2871,9706,1339,2351,4019,5960,157197,1011,191,628,8995,601,519,246,464,273
 ,PAINTING_FAMILY_090-XRF.csv,397,867,53032,2745,11560,2131,2149,3630,4931,46223,218,109,300,41370,1312,4074,1394,28191,2378,3746,160533,628,218,683,23323,574,1011,191,300,82
 ,PAINTING_FAMILY_091-XRF.csv,451,812,46999,7171,18352,3973,3720,4660,5418,48155,109,300,874,130455,3609,10308,984,8859,5113,8011,122334,1339,355,792,10035,519,792,300,246,246
 ,PAINTING_FAMILY_092-XRF.csv,415,1011,38257,8616,10602,3576,3522,8146,6069,46999,246,218,847,113119,2816,8476,1093,6343,3609,6316,122334,1585,437,1203,12742,820,683,164,492,218
 ,PAINTING_FAMILY_093-XRF.csv,468,2348,29081,5853,29691,2756,2905,10453,15626,86268,95,168,480,58684,1508,3446,477,1528,1612,2277,50888,641,559,853,2295,737,667,285,268,197
 ,PAINTING_FAMILY_094-XRF.csv,460,2364,31151,6225,22605,3254,3326,11892,16321,84942,125,172,690,91173,2188,4296,386,1654,1658,2706,41194,689,618,1128,2420,980,930,445,400,331
 ,PAINTING_FAMILY_095-XRF.csv,286,732,38400,4076,4103,2030,2055,5296,4343,19403,117,143,189,13255,607,859,1185,2636,784,1040,157514,424,167,370,7053,692,464,190,209,155
 ,PAINTING_FAMILY_096-XRF.csv,368,1009,43580,5202,4357,2152,2131,4467,6628,26434,109,115,160,12146,591,1231,1378,1883,845,1223,162295,426,159,353,4333,592,369,184,203,137
 ,PAINTING_FAMILY_097-XRF.csv,364,933,43024,4271,6527,2211,2248,10587,4948,30166,148,176,525,81023,2122,2305,869,2774,1466,2053,120289,530,162,399,6244,510,603,209,207,144
 ,PAINTING_FAMILY_098-XRF.csv,359,1050,52090,4422,16354,2117,2169,3848,3968,23552,112,147,264,32854,1116,984,1121,4464,798,1251,145641,603,162,361,13614,546,600,176,170,133
 ,PAINTING_FAMILY_099-XRF.csv,415,968,53389,4453,12936,2079,2004,3997,4329,24046,135,138,246,27035,962,1270,1099,4184,1048,1571,144719,647,144,362,12074,538,624,195,210,121
 ,PAINTING_FAMILY_100-XRF.csv,369,1113,51477,4383,12491,2203,2181,3852,4948,31445,132,153,293,40635,1203,1286,1004,3359,881,1310,127305,679,177,471,11082,681,610,215,225,184
 ,PAINTING_FAMILY_101-XRF.csv,359,1060,53275,4252,14805,2082,1975,3932,4091,22521,120,157,250,24726,962,573,1212,2815,597,776,157849,558,126,308,10543,589,453,164,154,133
 ,PAINTING_FAMILY_102-XRF.csv,358,960,51865,4574,16036,2214,2245,4462,3933,23402,129,143,283,37938,1206,1441,1081,3545,1078,1451,142151,530,149,410,10547,523,575,161,202,141
 ,PAINTING_FAMILY_103-XRF.csv,451,1354,42917,6376,13222,2384,2456,3504,6430,50215,164,355,519,74756,1941,2843,1613,17800,1449,2460,167286,874,164,847,17718,792,1121,273,328,136
 ,PAINTING_FAMILY_104-XRF.csv,596,1083,51009,4028,15732,2095,1788,3522,4226,47975,218,136,437,33550,1257,2050,1312,14820,1421,2023,166904,847,273,765,18238,656,902,410,382,300
 ,PAINTING_FAMILY_105-XRF.csv,216,939,36053,6538,14450,3684,3070,4009,10350,79928,164,109,492,75166,2460,2734,1312,16187,1886,3472,148556,1093,410,601,18566,574,738,328,355,191
 ,PAINTING_FAMILY_106-XRF.csv,401,1387,43395,6183,22949,2646,2630,4967,8579,64309,118,155,288,36858,1078,2140,865,2762,1126,1735,109352,738,202,536,7919,619,503,236,220,182
 ,PAINTING_FAMILY_107-XRF.csv,325,1770,42664,5744,38582,2348,2709,5039,9374,72685,82,164,656,108498,2515,4320,1257,1968,2488,3390,165509,1312,191,656,5386,738,710,355,218,273
 ,PAINTING_FAMILY_108-XRF.csv,343,2312,40424,5581,16636,2312,2492,8290,17286,94902,136,300,355,39729,1503,2597,1230,2953,1667,2105,155966,874,218,683,7683,656,792,300,355,164
 ,PAINTING_FAMILY_109-XRF.csv,444,2269,28115,6661,27198,3482,3426,12318,16979,100670,160,224,461,65190,1604,1928,613,4420,1033,1536,83900,1063,269,595,4117,593,516,218,308,175
 ,PAINTING_FAMILY_110-XRF.csv,499,2498,25799,7107,34964,3254,3281,23517,20904,114809,146,218,266,34547,1023,2979,776,2995,1644,2237,99756,1046,249,511,3974,602,532,240,265,180
 ,PAINTING_FAMILY_111-XRF.csv,556,4066,16146,6953,36748,3101,3133,7177,36424,154424,156,198,218,27340,936,1390,784,2230,992,1279,105407,598,206,480,4179,545,474,201,241,166
 ,PAINTING_FAMILY_112-XRF.csv,582,3972,18778,6071,32745,3093,3180,9284,37357,160304,149,238,239,28297,835,1209,840,2255,1016,1276,119485,810,168,321,5400,484,399,179,182,117
 ,PAINTING_FAMILY_113-XRF.csv,699,4366,17871,6929,45123,5900,6660,12058,36191,157497,147,229,330,46995,1458,2055,675,3085,1116,1765,89409,645,251,526,4149,592,502,238,193,180
 ,PAINTING_FAMILY_114-XRF.csv,379,451,43856,1661,1914,1571,1896,3684,3215,4858,273,164,164,5523,437,1093,2023,2624,957,1531,291835,765,246,273,1777,437,355,328,355,218
 ,PAINTING_FAMILY_115-XRF.csv,307,722,62136,1499,1860,1734,1589,3305,2872,5346,218,218,191,20589,1175,1667,2269,2160,1285,1749,256945,683,246,601,2242,683,492,410,382,246
 ,PAINTING_FAMILY_116-XRF.csv,216,668,43080,1824,2583,1643,1914,5400,3486,5617,136,218,273,4484,546,1203,2187,2843,1339,1667,312507,546,82,464,3992,464,273,218,246,273
 ,PAINTING_FAMILY_117-XRF.csv,345,698,53147,1634,3031,1826,1732,4846,3194,4925,124,115,103,3611,364,660,1475,1515,583,892,194048,433,118,267,1785,749,309,246,179,163
 ,PAINTING_FAMILY_118-XRF.csv,269,506,37975,1470,2884,1708,1717,5044,3125,4871,121,134,123,3992,365,783,1437,1559,661,1007,188547,438,110,269,1963,664,301,179,140,99
 ,PAINTING_FAMILY_119-XRF.csv,361,921,42917,4136,10837,2257,2095,6267,3811,24240,191,136,820,136826,3226,2214,1148,4949,1421,2214,174122,738,191,683,10199,792,519,273,246,300
 ,PAINTING_FAMILY_120-XRF.csv,387,976,55969,3556,11168,2263,2213,3422,3946,18069,128,526,241,30613,1174,619,1219,3552,725,878,155602,536,116,300,9327,541,496,149,168,119
 ,PAINTING_FAMILY_121-XRF.csv,345,936,54369,3797,9890,1852,1917,3316,4042,16454,126,127,149,9135,533,589,1389,2712,567,781,180885,543,121,245,7591,609,296,130,163,105
 ,PAINTING_FAMILY_122-XRF.csv,366,949,58025,3774,10166,2169,2088,3394,3951,16979,138,316,146,8337,455,527,1454,3405,652,690,185631,510,93,254,10195,619,373,123,150,111
 ,PAINTING_FAMILY_123-XRF.csv,375,1033,53389,3150,13092,1994,1975,3567,4351,24112,136,551,265,35714,1205,761,1094,3355,797,985,142297,611,151,370,7642,598,502,161,217,148
 ,PAINTING_FAMILY_124-XRF.csv,390,926,56523,3983,11760,2232,2156,3533,4226,21128,127,405,263,29401,1119,592,1176,3000,710,867,151532,572,138,388,8728,576,431,153,179,138
 ,PAINTING_FAMILY_125-XRF.csv,340,1084,56055,2985,12555,2035,1952,3249,3721,20659,110,115,164,12711,580,673,1406,2213,552,859,177387,568,131,296,5525,646,363,154,197,109
 ,PAINTING_FAMILY_126-XRF.csv,390,983,52719,3671,19570,2467,2396,4126,4418,28485,128,151,367,54846,1760,1246,1035,2532,875,1373,132683,545,154,384,5871,541,517,175,197,130
 ,PAINTING_FAMILY_127-col-XRF.csv,361,1697,46313,5057,37968,3179,2763,3413,7514,65099,109,164,382,47960,1148,1749,1121,4292,1148,1832,175817,984,109,628,8640,601,628,355,492,246
 ,PAINTING_FAMILY_128-XRF.csv,505,2890,29424,4551,19923,2944,3594,13330,32386,144214,109,355,464,60592,1968,2023,820,2925,1558,2078,117057,957,355,874,6371,683,847,300,328,273
 ,PAINTING_FAMILY_129-XRF.csv,487,3576,31827,4696,21928,2890,2799,8345,33019,143402,164,328,218,30077,957,1859,1285,3062,1640,2050,186864,1039,246,574,5906,519,546,164,492,300
 ,PAINTING_FAMILY_130-XRF.csv,469,2998,34355,4840,15570,2474,2348,3269,17268,74419,164,218,246,36940,1503,628,1476,3992,656,1257,198485,683,136,410,11046,519,847,328,218,191
 ,PAINTING_FAMILY_131-XRF.csv,559,3070,34247,3522,15931,2510,2745,3468,25559,102363,136,273,328,43448,1367,1859,1449,4265,1531,2460,190282,929,273,574,9460,820,519,382,273,328
 ,PAINTING_FAMILY_132-XRF.csv,313,682,50010,1827,3047,1839,1857,3547,3099,6215,177,153,230,22143,878,878,1312,2647,731,1133,166168,435,167,330,2907,671,304,194,245,125
 ,PAINTING_FAMILY_133-XRF.csv,319,722,52724,1809,3536,1794,1838,3624,3065,9579,127,157,303,37262,1297,3645,1229,3467,1994,3167,139856,488,141,384,4558,577,412,182,184,131
 ,PAINTING_FAMILY_134-XRF.csv,180,740,51154,2077,3070,1697,1752,2817,2745,7658,218,328,355,41124,1804,3800,1667,4757,2406,4347,231215,765,136,546,8175,574,410,328,109,136
 ,PAINTING_FAMILY_135-XRF.csv,313,649,49087,1998,3048,1796,1864,3625,3156,6309,142,140,214,20276,801,868,1366,3481,740,1069,176175,424,105,281,3241,547,255,185,159,103
 ,PAINTING_FAMILY_136-XRF.csv,326,616,48696,2206,2958,1843,1901,3605,3073,6217,128,159,253,28445,1073,843,1313,3073,728,1073,168885,380,131,287,3375,570,372,183,146,147
 ,PAINTING_FAMILY_137-XRF.csv,345,737,50566,2273,3270,1915,1861,3597,3167,7663,134,139,162,14039,644,803,1329,4690,655,973,167156,430,146,353,6713,625,340,168,200,119
 ,PAINTING_FAMILY_138-XRF.csv,379,668,47234,1788,2962,1553,1481,3070,2510,6701,54,54,136,34644,1558,929,1941,4156,738,1312,265558,464,82,464,10964,546,765,328,218,300
 ,PAINTING_FAMILY_139-XRF.csv,252,559,50160,1174,2763,1426,1481,3034,2745,8038,218,273,300,59772,1832,1421,1749,4429,1312,1558,236192,710,164,410,7355,300,683,164,437,27
 ,PAINTING_FAMILY_140-XRF.csv,614,1318,24945,5039,128482,3504,3413,5364,7965,100087,136,2132,738,100514,2269,8831,1121,3390,4292,5605,130701,1039,191,765,4429,437,792,218,164,273
 ,PAINTING_FAMILY_141-XRF.csv,307,1878,19977,4895,194303,3702,3594,3016,10928,87786,136,4320,492,62671,1312,5031,902,2078,4238,4046,132888,1339,300,437,5578,765,820,328,410,300
 ,PAINTING_FAMILY_142-XRF.csv,381,1444,50923,2955,17754,2234,2116,4684,4686,39186,104,185,314,46266,1432,1529,978,2621,1093,1508,115128,630,208,485,7218,584,497,196,228,150
 ,PAINTING_FAMILY_143-XRF.csv,430,1417,52856,2690,16054,2124,2088,3611,4416,37170,131,191,281,33632,1032,1232,1037,1850,954,1299,138855,511,181,370,3561,564,394,208,231,140
 ,PAINTING_FAMILY_144-XRF.csv,446,2355,20041,4612,146183,3274,3280,3233,15170,92514,126,1668,298,43789,1311,2491,707,1730,2191,2361,91852,766,208,462,5744,609,427,202,231,135
 ,PAINTING_FAMILY_145-XRF.csv,506,1890,24860,6188,104456,3137,3013,5810,13287,82300,115,391,429,58025,1558,4495,502,1944,2455,3502,48642,863,368,714,5976,611,605,267,286,159
 ,PAINTING_FAMILY_146-XRF.csv,453,2232,18508,5242,145573,3354,3220,5590,15009,89930,153,1229,536,76555,1875,4067,386,1709,2639,3240,41954,898,423,664,6078,657,607,257,279,165
 ,PAINTING_FAMILY_147-XRF.csv,424,1520,15041,3575,180634,3423,3222,4602,10965,84441,124,2693,344,46863,1169,3287,649,1585,2827,2662,90846,979,214,460,3124,589,425,213,214,181
 ,PAINTING_FAMILY_148-XRF.csv,325,885,53448,3901,4479,2041,1752,4497,2835,9446,218,191,136,17964,738,1613,1914,13671,1394,2050,258586,683,191,437,9542,464,710,191,218,164
 ,PAINTING_FAMILY_149-XRF.csv,379,704,47072,4009,6972,2059,2131,5364,3052,7676,82,136,300,24745,1175,1312,1941,14163,1093,1421,265449,738,218,519,9351,410,437,382,136,246
 ,PAINTING_FAMILY_150-XRF.csv,487,614,13709,4046,126856,3233,3233,2637,2781,7080,82,218,601,118615,3171,1121,1339,4675,1175,1613,206934,902,191,355,4894,246,519,218,136,136
 ,PAINTING_FAMILY_151-XRF.csv,1463,2239,44164,23373,36180,1517,1571,2619,2059,8995,109,164,382,28054,1175,4265,1285,20945,2597,3773,204145,792,273,738,16023,437,656,382,382,109
 ,PAINTING_FAMILY_152-XRF.csv,740,1896,51732,10115,22596,1932,1535,2330,3684,23066,246,273,54,13288,902,1585,1859,7738,820,1476,265695,792,218,355,6535,519,437,300,328,164
 ,PAINTING_FAMILY_153-XRF.csv,413,975,52453,1701,3705,1955,1920,5479,3541,7044,122,129,128,1990,318,788,1610,1586,652,981,203083,353,113,197,1696,644,195,133,126,103
 ,PAINTING_FAMILY_154-XRF.csv,467,1538,56161,2166,7682,2083,2105,5767,3759,9326,103,121,149,6448,421,1294,1411,1374,897,1343,184436,443,127,297,1628,673,327,196,187,146
 ,PAINTING_FAMILY_158-XRF.csv,335,956,50113,3767,7247,2052,2030,4805,4300,21759,143,161,239,27662,955,1864,1158,2851,1206,1821,144826,565,132,357,7308,518,491,188,192,143
 ,PAINTING_FAMILY_159-XRF.csv,430,890,45946,5535,7359,2437,2339,7118,4703,25098,128,157,481,76563,1978,1483,935,3080,944,1437,111068,486,175,462,9673,509,603,192,220,145
 ,PAINTING_FAMILY_160-col-XRF.csv,397,3106,23301,6773,36216,4262,4100,5346,26426,119793,191,273,710,60374,1695,8230,874,3527,3636,5988,153040,1203,273,546,7109,656,847,382,136,382
 ,PAINTING_FAMILY_160-XRF.csv,487,2420,28160,8381,34102,3016,2835,4371,19074,83577,191,246,792,84518,1941,4593,1312,5413,3335,5496,160751,1449,136,218,16952,683,1121,218,273,246
 ,PAINTING_FAMILY_161-XRF.csv,397,3106,23301,6773,36216,4262,4100,5346,26426,119793,191,273,710,60374,1695,8230,874,3527,3636,5988,153040,1203,273,546,7109,656,847,382,136,382
